Sample_ID,Huntingtons_Disease,IGF2BP3,YTHDC1,PPP1CC,YTHDF2,CEBPD,YTHDF3,FTO,CEBPB,YTHDC2,YTHDF1
GSM1424090,0,-0.07792754,-0.0723298265,-0.1976672,-8.001335e-05,0.3453299,-0.025921817,0.05594398,0.03483431,-0.07457975,0.2222374
GSM1424091,0,0.02726655,-0.058254324999999996,-0.05997606,-0.001925229,-0.608529,-0.016600345000000002,0.02602501,-0.1766279,0.0241765,-0.1060457
GSM1424092,0,-0.0340811,0.059578965000000005,-0.06276302,0.03226668,-0.0980407,0.017265127999999998,0.09749065,-0.08313906,0.01875718,-0.06469715
GSM1424093,0,-0.0475162,0.049971064999999995,-0.05597419,-0.03436524,-0.1646568,0.004247605,0.05849146,-0.09793489,-0.01998154,-0.04082945
GSM1424094,0,0.005810821,-0.032220575,-0.02472571,0.04089454,-0.3150754,-0.0154206395,0.05662804,-0.1693956,0.06216884,-0.0918067
GSM1424095,0,-0.007046587,0.012552030000000002,-0.07239822,-0.06449364,0.2648227,-0.008364650000000001,0.05317722,0.2037718,-0.01802927,0.2638091
GSM1424096,0,0.06032754,0.037079098899999996,-0.07595558,-0.009586119,-0.5777282,-0.007195605000000001,0.07696167,-0.2356103,0.04449495,-0.1031266
GSM1424097,0,0.02186786,0.0254232105,0.008782074,0.0303545,-0.6456171,0.09102193,0.03955175,-0.3422599,0.1105605,-0.1281847
GSM1424098,0,0.4070258,-0.13510244999999999,-0.05288382,0.001291036,0.09292617,-0.035065485,0.01497891,0.07135119,-0.09242763,0.2800485
GSM1424099,0,0.003113551,0.141876485,0.02654271,0.0443946,-0.1926641,0.051610705,0.07352006,-0.1476606,-0.005958491,0.01749607
GSM1424100,0,-0.04283797,-0.021383309999999996,0.111234,0.0730482,0.136174,0.10689190999999999,-0.01729301,0.4480194,-0.04494729,0.08120254
GSM1424101,0,-0.01104049,0.029990635,-0.06840262,-0.01611451,-0.5269972,0.024579255,0.06646143,-0.1558865,0.006505821,-0.09693687
GSM1424102,0,0.08736014,0.035827200000000003,-0.00922507,0.02941361,-0.3660132,0.056194499999999994,0.01410272,-0.1751708,0.1259082,-0.099124
GSM1424103,0,0.04857648,-0.06614954,-0.1022163,0.01957255,-0.3981956,0.0017250195000000001,-0.03585618,-0.2137228,0.003547344,-0.09768609
GSM1424104,0,-0.01731984,-0.0317341135,-0.09538275,-0.03266785,-0.4365839,-0.006468206499999999,0.09341703,-0.2061181,-0.02767881,-0.05873694
GSM1424105,0,-0.05454705,-0.08417761500000001,-0.1734412,-0.1408258,-0.03925925,0.029893655,0.07904036,-0.0983332,-0.03257557,-0.08232542
GSM1424106,0,-0.004755013,-0.047093235,-0.05446505,0.05348031,-0.1561051,0.06147994500000001,-0.01705544,-0.01038104,-0.03404469,-0.02520604
GSM1424107,0,0.03149323,-0.01849771,-0.1073089,0.001112134,-0.2307981,-0.005276168500000001,0.07779025,-0.1755746,0.06211145,-0.1292596
GSM1424108,0,0.0661206,-0.010890759,-0.07129984,0.033789,-0.5480233,0.041531525,0.08980726,-0.1356765,0.1090801,-0.07926967
GSM1424109,0,-0.1111434,-0.040136635000000004,-0.1023381,-0.1324662,0.07965402,0.011790746999999999,-0.05856345,0.07645777,-0.1165037,-0.05201168
GSM1424110,0,-0.06246763,-0.040446319999999994,-0.1260217,-0.002220572,-0.2649198,-0.0174133935,0.06218418,-0.1023632,-0.03470948,-0.06484058
GSM1424111,0,-0.02386133,-0.041532454999999996,-0.0137378,0.07771569,-0.5281932,0.04644278,0.06260937,-0.2553145,0.03362403,-0.1228215
GSM1424112,0,0.06139311,-0.043544605,-0.06191748,0.05585643,-0.6531234,0.006773970000000001,0.09306499,-0.2783488,0.05035326,-0.08490669
GSM1424113,0,-0.08044461,0.07626387500000001,0.09304494,-0.02265405,0.0722412,0.075643195,-0.01546602,0.1822381,-0.05401303,0.01763631
GSM1424114,0,-0.0606776,0.0258963625,-0.01454588,0.0416405,-0.5286202,0.054256265,0.04849264,-0.2228369,0.07641519,-0.09580786
GSM1424115,0,0.007700127,0.015526504999999996,-0.07210939,-0.08572831,-0.4026361,0.0018122200000000007,-0.03155363,-0.1628618,-0.1248758,-0.09060536
GSM1424116,0,0.02687008,-0.030858898500000002,-0.01039818,0.004047689,-0.5265682,0.032328675,0.05958012,-0.2066124,0.03433415,-0.08636101
GSM1424117,0,0.03563459,-0.030249185,-0.02535825,0.05270078,-0.4471051,0.04850725,0.0767843,-0.1924141,0.06979016,-0.1360691
GSM1424118,0,0.03556412,-0.030561065,-0.06185362,0.05315042,-0.5527149,0.0116975915,0.06741407,-0.3081279,0.07083004,-0.09995324
GSM1424119,0,-0.02888874,0.027142305000000002,-0.04346113,-0.005168013,0.1708242,0.012392044999999999,0.06976952,0.04493843,-0.05263827,0.1052925
GSM1424120,0,-0.02129452,-0.07266241325,-0.125305,-0.1157935,-0.4357616,-0.012447745000000003,-0.04044304,-0.1361064,-0.02754517,-0.1380499
GSM1424121,0,0.01877312,-0.052215620000000004,-0.03534939,0.01792257,-0.4894839,0.027000598,0.02551896,-0.1988865,-0.02083087,-0.0567636
GSM1424122,0,0.03796702,0.0020090115,0.01930485,0.07396049,-0.5856591,0.07021422499999999,0.04670852,-0.2022673,0.06349576,-0.08004257
GSM1424123,0,0.0003345163,-0.046614115,-0.1516138,-0.004887413,0.1383148,0.003541555000000002,0.04400389,0.1222633,0.01440104,0.1550703
GSM1424124,0,0.05141664,-0.0033532449999999995,-0.01452926,0.03152174,-0.5248642,0.05822289,-0.02097383,-0.2808044,0.04515848,-0.1297637
GSM1424125,0,0.03971037,0.07927324499999999,0.05920664,0.02126567,-0.632682,0.06918071,0.0524723,-0.2589976,0.08447038,-0.09058946
GSM1424126,0,0.01506441,0.0855465675,0.06181002,0.02692644,-0.1709585,0.10121906,-0.06728193,-0.1548327,0.0437955,-0.07506126
GSM1424127,0,0.05259563,-0.0022142000000000012,-0.0485681,-0.01718993,-0.2981194,0.0351625525,-0.03327202,-0.2546405,0.006218604,-0.1008257
GSM1424128,0,-0.0185471,-0.08170648999999999,-0.05223763,-0.009349849,-0.2573854,-0.0020362799999999997,0.04475231,-0.05826768,0.04155363,-0.06062249
GSM1424129,0,-0.02446997,-0.0373188007,-0.1675457,-0.08912592,0.1366556,-0.04020758,0.05978929,0.04104611,-0.04290121,-0.01403577
GSM1424130,0,0.02663262,0.014401825,0.04381977,0.04074249,-0.600915,0.016853516,0.01015542,-0.1926069,0.0278392,-0.1042489
GSM1424131,0,-0.02841393,-0.013294039999999998,-0.06938233,-0.01355835,-0.08581968,0.03120327,0.06158388,-0.08848736,0.0009240629,-0.02772379
GSM1424132,0,-0.02885782,-0.033109410000000006,-0.102927,-0.06906503,-0.4790994,0.0023696365000000002,0.05827627,-0.1657371,-0.07824598,-0.04575877
GSM1424133,0,0.07111954,0.099370425,-0.01954502,0.05496252,-0.3851309,0.08175117,0.02425451,-0.1721632,0.06256331,-0.0911988
GSM1424134,0,0.06799616,-0.032665695,-0.05293605,0.03877302,-0.5668618,0.020420829999999997,0.06453181,-0.217513,0.05755074,-0.08701839
GSM1424135,0,0.0664193,-0.05945758,-0.07727855,0.04470077,-0.4830501,0.023304650000000003,0.01174594,-0.1115166,0.05843032,-0.09056159
GSM1424136,0,-0.0118879,-0.136856965,-0.110782,-0.07064691,-0.2344591,0.0137285695,0.06814367,-0.01719424,-0.05756455,-0.05457435
GSM1424137,0,0.04220086,-0.086323285,-0.04705993,0.06135311,-0.4464512,-0.019242917000000002,0.02927107,-0.2129314,0.02514098,-0.1705441
GSM1424138,0,-0.06505407,0.045880609999999995,-0.07954606,-0.1453101,-0.3400581,0.0009173050000000002,0.0241724,-0.2131412,-0.1331803,-0.08062828
GSM1424139,0,0.08866927,0.021873784,-0.02104812,0.03493759,-0.4903432,0.021440415,0.01256269,-0.1616848,0.03628061,-0.1313757
GSM1424140,0,0.07916266,-0.01336557,0.01615715,0.07068868,-0.4738972,-0.0009724499999999997,0.0406489,-0.1303194,0.03027138,-0.06824597
GSM1424141,0,0.04938693,-0.027871795000000005,-0.1250991,0.01854393,-0.2383409,-0.06044945,0.03706858,-0.1698985,-0.07316959,-0.09006508
GSM1424142,0,-0.001551828,0.00393082,-0.1317462,-0.1051465,0.1016541,0.01891327,0.05212447,-0.09441901,-0.02802539,-0.05406165
GSM1424143,0,0.05366595,0.001623900000000001,-0.06019304,-0.03373032,-0.4722421,-0.0003149649999999995,0.0343599,-0.199972,0.02139391,-0.06221117
GSM1424144,0,0.01899687,-0.03709514,-0.09943213,0.01841744,-0.4034208,0.0118684975,0.02472234,-0.1410523,0.01390303,-0.09619606
GSM1424145,0,-0.02534689,-0.01780154,-0.005627459,-0.01164113,-0.1572485,0.026433554,0.003546442,0.006025636,-0.04045381,0.00584442
GSM1424146,0,-0.00554796,-0.031246555,-0.08522457,-0.0237694,-0.3518502,-0.023401465,0.04164494,-0.08832252,-0.09337451,-0.01516039
GSM1424147,0,0.0389182,-0.01363802,-0.03761361,0.02443614,-0.4132754,-0.00296245,0.1049831,-0.2848698,0.1073119,-0.1399733
GSM1424148,0,0.02419708,-0.054385600000000006,-0.09714621,0.02396585,-0.5191855,-0.037913709999999996,0.09936769,-0.2018685,0.00224853,-0.06424867
GSM1424149,0,-0.01738681,0.007322405000000001,-0.04386597,-0.003286781,-0.2332994,0.06561956,0.03918053,-0.07462634,-0.04083692,-0.01553824
GSM1424150,0,0.01746128,0.0107772675,-0.05304011,0.04646128,-0.5622806,-0.009947399999999999,0.09255405,-0.2460929,0.05627604,-0.09263554
GSM1424151,0,-0.008830708,-0.062484859999999996,-0.04936614,0.06005802,-0.2585175,0.01820789,0.06658503,-0.09891721,0.03639036,-0.06582759
GSM1424152,0,-0.02597676,-0.033444925,-0.05908024,-0.07161381,0.4986761,0.002242049999999999,-0.06872816,0.1647626,-0.08353646,-0.0661286
GSM1424153,0,0.038276,0.00522446,-0.0378484,-0.05368339,-0.5795515,0.0043382945,-0.00314071,-0.1766369,-0.02017702,-0.1035408
GSM1424154,0,-0.01697133,0.0188087865,-0.08556854,-0.02845606,-0.2074271,0.019294995,0.08623994,-0.08664752,-0.07333037,-0.04632237
GSM1424155,0,0.04882892,-0.008833554,-0.0468999,0.02166706,-0.4936882,0.031397865,-0.002362047,-0.1618147,0.03213111,-0.1786496
GSM1424156,0,0.03967738,-0.03251441,-0.0492044,0.02748942,-0.3530903,0.0003200215,0.05824605,-0.1041458,2.599734e-05,-0.08324383
GSM1424157,0,0.01001618,0.03663076,-0.1042784,-0.07239541,-0.5565849,-0.04034336,0.06136493,-0.2076472,0.01050689,-0.1184905
GSM1424158,0,0.01171855,-0.07084734000000001,-0.08006492,0.01192538,-0.5545129,-0.01259934,0.1136391,-0.2304456,0.07293087,-0.0860858
GSM1424159,0,0.05964819,-0.030113152999999997,-0.02944145,0.03286538,-0.5746653,0.054429195,0.04717777,-0.2826578,0.06564973,-0.08816062
GSM1424160,0,0.0288366,-0.043612365,-0.0758184,-0.005127747,-0.459564,-0.0038472940000000002,0.04008231,-0.1629637,0.05017538,-0.02693662
GSM1424161,0,-0.08737429,0.03635842,-0.06651817,-0.1597117,0.01888252,-0.025145557000000002,0.05482049,0.000673958,-0.1098078,-0.01107019
GSM1424162,0,0.07193876,-0.0016446645,-0.06633905,0.04279322,-0.5277935,0.032071005,0.06862366,-0.1586611,0.05711752,-0.08697544
GSM1424163,0,-0.01100206,0.0807730388,-0.008149657,-0.01709349,-0.1993431,0.018919825,0.0688102,-0.1089126,0.05320983,-0.07359141
GSM1424164,0,0.02737473,0.022670065000000003,-0.06752382,0.04490975,-0.5669647,0.039444745,0.05070164,-0.2307602,0.02526135,-0.1046949
GSM1424165,0,0.0393645,0.03203631999999999,-0.009085517,0.04396944,-0.2519944,-0.00128316535,0.06631786,-0.1705891,0.03816269,-0.08626692
GSM1424166,0,0.07334682,0.0008070500000000001,-0.05141022,-0.03458042,-0.4640989,0.03848034,0.0338204,-0.181552,0.01510575,-0.1240685
GSM1424167,0,-0.04748528,0.00021835000000000084,-0.03538728,-0.03220198,0.1634075,-0.095699165,0.03241456,0.2096762,-0.1338929,0.1208496
GSM1424168,0,0.03531089,-0.067386315,-0.05603157,0.08853158,-0.5505764,0.010919434999999998,0.09743593,-0.1574717,0.04400206,-0.09587765
GSM1424169,0,0.03685356,0.065018545,-0.021079,-0.02098972,-0.555981,0.025742697850000003,0.05530229,-0.2018112,-0.07962626,-0.05878037
GSM1424170,0,-0.008422152,-0.04571997999999999,-0.1280615,-0.08984022,0.2476103,-0.01906748,0.0169839,0.09141019,-0.05671679,-0.09463125
GSM1424171,0,0.1039368,-0.04704692,-0.03785463,0.02776677,-0.4914027,-0.006043636500000001,0.02815828,-0.2257438,0.03500105,-0.1199334
GSM1424172,0,-0.03578563,0.064105145,-0.06306972,-0.120827,-0.0516699,0.038949499,0.01398051,-0.04333587,-0.05915206,-0.07972972
GSM1424173,0,-0.03079144,0.048682693,-0.09107,-0.09711868,0.1093895,-0.0154489526,0.03008118,0.1005548,-0.04169462,0.03386106
GSM1424174,0,-0.01052229,-0.013003239,-0.08750992,0.02580374,-0.3786479,0.0061746234999999995,0.1221599,-0.08936519,-0.008475563,-0.03957253
GSM1424175,0,0.05786633,-0.014343723,-0.05848794,-0.002765356,0.06890418,0.029192500000000003,0.06986,0.07644395,0.02860454,-0.02328088
GSM1424176,0,0.01230847,-0.032462595,-0.06590156,0.005362205,-0.5197769,0.0028212200000000028,0.09271451,-0.1893674,0.07140103,-0.1340416
GSM1424177,0,0.08368525,-0.099214295,-0.1369389,0.01158831,-0.3793879,-0.061752925,0.09104699,-0.1547251,0.006539865,-0.1151144
GSM1424178,0,0.03532935,-0.07808166999999999,-0.09645425,-0.0168505,-0.4788613,-0.049399125,0.1022813,-0.1880335,-0.02642752,-0.05238584
GSM1424179,0,0.01228424,-0.042648185,-0.02213141,0.0391144,-0.3120011,-0.0030865799999999985,0.05142078,-0.2315496,0.01375895,-0.142324
GSM1424180,0,0.004362362,0.0056579950000000025,0.007223866,0.05690685,-0.2867799,-0.006464504999999999,0.04121723,-0.1982887,0.02655547,-0.1430673
GSM1424181,0,0.03702842,0.024709389999999998,-0.01794108,0.04615628,-0.3956348,0.058564455,-0.04530548,-0.1628052,0.0694831,-0.07573332
GSM1424182,0,-0.0001883091,0.017278815,-0.07343604,0.02005204,-0.1869963,0.027814795,0.0448075,-0.1250714,0.0104936,-0.07149158
GSM1424183,0,0.04720961,-0.014995878,-0.0566453,0.0574057,-0.5517086,0.020225575000000003,0.05294741,-0.2492739,0.008927083,-0.1212023
GSM1424184,0,0.02344267,0.030144304999999996,0.01509884,0.0260484,-0.5756378,0.0486660945,0.01792033,-0.1799891,0.03450118,-0.1006027
GSM1424185,0,0.01541226,0.005092735000000001,-0.04495827,-0.001338446,0.1334627,-0.00035894500000000114,0.02932076,0.0733429,-0.04304133,-0.02430818
GSM1424186,0,0.04800219,-0.033842338,-0.06053296,0.04098174,-0.5474923,0.0064593065,0.04999668,-0.1803606,0.07903018,-0.1451844
GSM1424187,0,0.01017756,0.03194823000000001,-0.01444746,0.02189571,-0.5990664,0.008702175000000001,0.03937525,-0.2048111,0.07212354,-0.114349
GSM1424188,0,0.04531896,-0.054010955,-0.06340355,0.01382397,-0.3140905,0.006986295,0.03006653,-0.152626,-0.00841439,-0.1189375
GSM1424189,0,0.01498611,0.046692221,-0.03138675,0.01142642,-0.6383244,0.031505437500000004,0.04432045,-0.2780751,0.0277943,-0.1072708
GSM1424190,0,0.02800091,0.039041400000000004,-0.0159981,0.005132448,-0.7260044,0.003080585000000002,0.02516191,-0.3216243,0.007984357,-0.1385165
GSM1424191,0,0.1954592,-0.014340674999999999,-0.1139737,-0.03163354,-0.2603097,-0.0020778249999999984,0.07904705,-0.1763754,-0.05757357,-0.1570034
GSM1424192,0,-0.000680598,0.088014725,-0.005462311,0.04044668,-0.7052888,0.07939826,0.08153562,-0.3045883,0.08347964,-0.1473984
GSM1424193,0,0.06198461,0.005447295000000001,-0.03130801,0.01497827,-0.5623795,0.03710045,0.006914375,-0.2417072,0.07769249,-0.09639437
GSM1424194,0,0.07542107,0.083632975,0.01698505,0.04440438,-0.4122683,0.035092175,0.02063955,-0.2930875,-0.01384396,-0.07888301
GSM1424195,0,0.0314262,0.085347075,-0.00468404,-0.00958893,0.1311922,0.025508672,0.06428108,0.1026594,-0.008974559,0.06819084
GSM1424196,0,0.06063182,-0.008140254999999999,-0.06224254,0.05287543,0.01230633,-0.04294538,0.1048585,-0.1195538,0.05019443,-0.09015916
GSM1424197,0,0.02741042,-0.06652097,-0.01644897,0.08789767,-0.2562931,0.0044447975,0.0899366,-0.1223897,0.05001586,-0.1263414
GSM1424198,0,-0.04553299,0.05235153,-0.01534564,-0.1376772,0.4079864,-0.027763589999999998,-0.01037942,0.3240757,-0.1311757,0.1977188
GSM1424199,0,0.04870401,-0.08053148,-0.04566342,0.07784852,-0.4097072,0.05167107,0.07292828,-0.1616239,0.03603128,-0.1209602
GSM1424200,0,-0.01508549,0.04291958,-0.03565483,-0.01591459,-0.2078849,0.05146879,0.02131504,-0.1615513,0.003995207,-0.06091286
GSM1424201,0,0.0352998,-0.011800732,-0.0705965,0.04213542,-0.4252338,0.0040266003000000005,0.06602172,-0.1909626,0.04752665,-0.05255676
GSM1424202,0,0.02765242,-0.09837202,-0.250556,-0.094586,-0.5241037,0.003280375000000002,0.1332057,-0.1555885,-0.1245674,-0.01951859
GSM1424203,0,-0.07270437,-0.11088232,-0.19743,-0.1801876,-0.4076811,-0.040260239999999996,0.1024326,-0.1171079,-0.08720884,-0.08535964
GSM1424204,0,0.0002321301,-0.056763745000000004,-0.07025919,0.005700505,-0.3657532,0.0161214265,0.1008339,-0.1311423,0.04898975,-0.0913471
GSM1424205,0,0.02846195,-0.006615341499999999,-0.005957852,0.0468503,-0.3636853,0.040863535,0.09248623,-0.1507524,0.08800179,-0.05501872
GSM1424206,0,0.0863894,0.0033123649999999994,-0.07436183,0.05962804,-0.6013433,-0.0016530450000000006,0.06840361,-0.1817521,0.03490106,-0.05394168
GSM1424207,0,0.04907047,0.0168491,-0.02810991,0.02501783,-0.4819444,0.0333420465,0.120348,-0.1767645,0.1047025,-0.1142325
GSM1424208,0,0.8327951,0.013985176500000002,0.4145802,0.2580141,-0.6829255,0.044288680000000004,-0.07710263,-0.3283266,0.006041923,-0.009897138
GSM1424209,0,1.164618,0.0509877,0.4327549,0.2571809,-0.08443251,0.09355304,-0.1283365,-0.06396538,-0.06286351,0.06971962
GSM1424210,0,-0.04939494,-0.049336895,-0.1416113,0.1037827,0.3195884,0.08204367,0.1604785,0.03251814,-0.1175777,-0.02301095
GSM1424211,0,-0.117343,-0.15309442,-0.1098738,-0.0397028,0.4601589,0.002103510000000003,0.1630485,0.08826078,-0.1768926,-0.02911322
GSM1424212,0,-0.05422864,-0.24696035,-0.2462052,0.1574564,-0.2692066,-0.00561296,0.1805157,-0.1865281,-0.04221845,-0.1204477
GSM1424213,0,-0.1346868,-0.21551093999999998,-0.1585247,-0.09261891,0.5255627,-0.03693536,0.01917093,0.2167,-0.2512023,-0.005086951
GSM1424214,0,-0.06155302,-0.29445324,-0.2716924,-0.1577063,0.002356197,-0.008642665,0.102378,-0.0288766,-0.2026248,-0.1032278
GSM1424215,0,-0.1330438,-0.21121927000000001,-0.1429136,0.1801566,0.5277124,-0.03567403,0.1959597,0.09886625,-0.1158221,0.06596773
GSM1424216,0,-0.01994392,-0.21466015,-0.2300352,0.03431921,0.4955404,0.030030765,0.2050063,0.1735719,-0.1601926,-0.06992616
GSM1424217,0,-0.1365053,-0.16822714,-0.2138564,-0.05127134,0.7659153,0.01725857,0.1181803,0.3243476,-0.1667288,-0.05319581
GSM1424218,0,-0.108855,-0.11830243500000001,-0.1612628,0.01988771,0.08287901,0.035614150000000004,0.1897474,-0.06082219,-0.1400177,-0.03655674
GSM1424219,0,-0.07963155,-0.183496035,-0.1793453,0.006639719,0.3338378,0.0869532405,0.1231709,0.2791542,-0.08494972,-0.03964385
GSM1424220,0,-0.09520019,-0.049894289999999994,-0.1763087,0.0460171,0.04898626,0.04454299,0.1144794,-0.1445145,-0.1418405,-0.01692268
GSM1424221,0,-0.04964491,-0.2223307,-0.2999699,0.05643003,-0.228894,-0.02433027,0.2197966,-0.2119253,-0.1483491,-0.1208583
GSM1424222,0,-0.06965668,-0.21256118499999999,-0.1129479,0.1074438,0.3538221,0.031249019999999995,0.1378297,0.184314,-0.15602,0.02948623
GSM1424223,0,-0.1130184,-0.23021705,-0.1927924,0.1913586,-0.333673,-0.011457345,0.1998112,-0.1539104,-0.1269223,-0.03676644
GSM1424224,0,0.01347306,-0.2416686,-0.1811172,0.1451817,-0.195908,-0.012811899999999998,0.2390377,-0.1104968,-0.04636141,-0.07744554
GSM1424225,0,-0.08646073,-0.20082735000000002,-0.1281322,0.1094157,-0.3905215,-0.045863336500000004,0.1679723,-0.2302215,-0.006039944,-0.1817636
GSM1424226,0,0.002528929,-0.10665163,-0.1222546,0.1684363,-0.3882834,-0.0129843955,0.1699606,-0.2357969,0.01552145,-0.08601633
GSM1424227,0,-0.1289241,-0.19806011,-0.2392303,0.0642821,-0.4497984,-0.11752979000000001,0.2377064,-0.2658507,-0.1263593,-0.08271809
GSM1424228,0,0.03747987,-0.13854224999999998,-0.1372069,0.1624913,-0.419265,-0.008539210000000002,0.2112102,-0.2725347,0.03408017,-0.05750832
GSM1424229,0,0.005560738,-0.2489289,-0.1807123,0.2236684,-0.3492619,-0.05170061,0.3421883,-0.2394009,-0.03982904,-0.1114002
GSM1424230,0,-0.01582424,-0.22771304999999997,-0.2037994,0.1392391,0.1128729,-0.03732583999999999,0.2119999,-0.1589408,-0.06818967,-0.07126473
GSM1424231,0,0.09268354,-0.14735182,-0.1798665,0.1768767,0.02073677,-0.0130541184,0.2166168,-0.08298289,-0.05674886,-0.1035107
GSM1424232,0,-0.02686367,-0.30810305,-0.2287478,0.09344519,0.1636487,-0.072877985,0.2074745,-0.04410142,-0.08184832,-0.1223874
GSM1424233,0,-0.01761189,-0.075503365,-0.1337097,0.07248819,-0.1941586,0.036992246,0.08203096,-0.2549697,-0.07941334,-0.1063187
GSM1424234,0,-0.02705177,-0.25535024500000003,-0.2230623,0.1455583,-0.2195436,-0.06475092,0.240549,-0.2156932,-0.1077042,-0.09008666
GSM1424235,0,-0.1884492,-0.14939294,-0.1753469,0.07525682,-0.221878,-0.041931495,0.1462028,-0.225859,-0.07110042,-0.1171618
GSM1424236,0,-0.03472919,-0.21144670000000002,-0.1997406,0.1441228,-0.268091,0.051997295,0.1949434,-0.2017196,-0.05079353,-0.06548934
GSM1424237,0,-0.03355669,-0.12976503,-0.1663766,0.1186955,0.04537724,0.010911450000000003,0.1971666,-0.1670916,-0.1225838,-0.07402992
GSM1424238,0,-0.0604598,-0.1889036,-0.1715522,0.188368,-0.4097609,0.010950044999999999,0.2418442,-0.2459919,-0.08789871,-0.09897806
GSM1424239,0,-0.03227251,-0.14524775,-0.1177457,0.2188781,-0.3130556,0.052767190000000005,0.2098349,-0.1240806,-0.02447024,-0.06997168
GSM1424240,0,-0.03116385,-0.21200813500000001,-0.1866081,0.09298541,-0.4705082,0.000620339999999997,0.1739622,-0.2381754,-0.1340472,-0.1367409
GSM1424241,0,0.02475897,-0.13095895000000002,-0.1292708,0.2132068,-0.4234267,0.020367734999999998,0.1832105,-0.2578602,-0.02822178,-0.08935088
GSM1424242,0,-0.06447234,-0.08949527,-0.06589832,0.2368826,-0.3289466,0.050514235000000005,0.1033724,-0.2183175,-0.02357345,-0.1165879
GSM1424243,0,0.009124008,-0.1450292,-0.1948731,0.1425429,-0.4515184,-0.040605613,0.1456482,-0.2856037,-0.03072801,-0.1543584
GSM1424244,0,-0.08157773,-0.05675097,-0.08296034,0.2237549,0.08612886,0.05086553,0.1595917,-0.07621206,-0.02848345,-0.004784784
GSM1424245,0,-0.02914059,-0.10510972,-0.1394637,0.1354213,-0.2404215,-0.023629380000000002,0.141394,-0.2210785,-0.04081047,-0.1014663
GSM1424246,0,0.002888243,-0.2034202,-0.1999922,0.1431884,-0.282544,-0.043313085,0.2003174,-0.1746096,-0.05475066,-0.09330678
GSM1424247,1,-0.0003644039,-0.012429039999999999,-0.05292031,0.06989899,0.7144697,0.0404953,-0.0353405,0.4411269,-0.1572935,0.01340796
GSM1424248,1,0.01516677,-0.1789943,-0.1730032,0.2079189,-0.4193859,0.0358205855,0.1787077,-0.2693453,-0.04562778,-0.1008174
GSM1424249,1,-0.07132135,-0.08980558999999999,-0.05286147,0.1451268,0.1614569,0.019232065,0.1325897,-0.03829213,-0.1518598,0.003530001
GSM1424250,1,-0.03476757,-0.20548606500000002,-0.09254467,0.02647082,-0.0607588,0.035652144999999996,0.1442039,0.02576866,-0.2697556,-0.0150423
GSM1424251,1,-0.02754394,-0.097020655,-0.05536994,0.1173292,0.3046356,-0.019515650000000002,0.06406027,0.1035609,-0.08427946,0.05700756
GSM1424252,1,-0.08132744,0.005265450000000005,-0.09204601,-0.02128451,-0.1615485,0.060500725,0.05196283,0.08320217,-0.219958,0.02629374
GSM1424253,1,-0.02292923,-0.16838046,0.07540341,0.1273983,0.145366,0.029134651999999997,0.1477241,0.1658884,-0.1576602,0.09795955
GSM1424254,1,-0.08318072,-0.22060216,-0.3729984,0.05118963,0.05298488,-0.008614024999999997,0.2750908,0.0579937,-0.1137302,0.06943399
GSM1424255,1,-0.08417393,-0.20736408,-0.276031,-0.01223329,-0.04926575,-0.008918305000000001,0.1819283,-0.04553113,-0.1175113,-0.02860622
GSM1424256,1,-0.03397295,-0.10731815,-0.06736158,-0.04620117,0.4033139,0.09769112499999999,0.02115598,0.4158267,-0.2387553,0.0785007
GSM1424257,1,-0.08507598,-0.09579311,-0.1100435,-0.003818273,0.1399278,0.052702281,0.1055248,0.1426478,-0.1572592,0.09740011
GSM1424258,1,-0.1484443,-0.22581553355,-0.1688303,-0.01957894,0.1499892,0.055537329999999996,0.1520859,0.1143973,-0.2088207,-0.02774592
GSM1424259,1,0.02179068,-0.151736635,-0.1493309,0.06460658,0.2640082,-0.07721919,0.1645181,0.03978318,0.001684804,0.07744366
GSM1424260,1,-0.1128626,-0.141295135,-0.04526979,-0.001488367,0.4509155,0.021481605,0.1158358,0.1867027,-0.1215437,-0.0572642
GSM1424261,1,-0.1241141,-0.170034745,-0.1488509,0.03401327,0.1680283,-0.020527945,0.1724478,0.1096135,-0.09272334,-0.03931797
GSM1424262,1,0.005866598,-0.073736255,-0.1667646,0.0762101,-0.2552052,0.02975652,0.109264,-0.2167509,-0.01619442,-0.08325297
GSM1424263,1,-0.04593948,-0.203237195,-0.1715745,0.02745641,0.4516236,-0.02111635,0.1548899,0.1897052,-0.1403836,0.1899045
GSM1424264,1,-0.06527478,-0.022775375,0.04530168,-0.1209055,0.4224847,0.080119225,-0.1208305,0.1874881,-0.08539032,0.09020256
GSM1424265,1,-0.00709812,-0.22170351000000002,-0.09673885,-0.009033998,0.3385104,-0.018118399999999996,0.1428332,0.1746664,-0.1465487,-0.0138083
GSM1424266,1,-0.05384959,-0.163445,-0.1381427,0.1303793,0.4820701,0.005108969999999997,0.1932432,0.2032047,-0.2185023,0.1036316
GSM1424267,1,-0.05118581,0.014963705,-0.01234837,-0.0518267,0.5322735,0.013119276999999999,0.06582118,0.2888029,-0.1515177,0.08315604
GSM1424268,1,-0.07478081,-0.06599155500000001,-0.1178535,-0.1576074,0.7020552,0.008295899999999995,0.09187936,0.3096073,-0.1355235,-0.01203432
GSM1424269,1,-0.1597899,-0.1512053655,-0.2001515,-0.1441845,0.3037705,-0.034826805,0.05728363,0.1539969,-0.1833739,0.007634033
GSM1424270,1,-0.1353404,-0.07713959899999999,0.01401034,0.02197399,0.2084036,0.014241725,0.08266205,0.13837,-0.09837055,-0.0003397083
GSM1424271,1,-0.06091503,-0.13680043,0.006293489,0.1490527,0.7134705,0.07055785,0.07781669,0.4428517,-0.1503637,-0.04174906
GSM1424272,1,-0.09856705,-0.183908955,-0.02985649,0.0914762,0.04554996,0.03853977,0.1585088,0.1858312,-0.1107706,-0.0341273
GSM1424273,1,0.03231345,-0.10199502349999999,-0.1793582,-0.1381438,0.1624811,0.058349025,0.143516,0.04104154,-0.09883396,-0.07099248
GSM1424274,1,-0.1219074,-0.21354743,-0.1623391,0.1162555,0.5635499,-0.01747942,0.1626694,0.2042153,-0.1357423,-0.037007
GSM1424275,1,0.0002534161,-0.077264435,-0.1878542,0.08746636,0.09298323,-0.040949695,0.1573212,-0.01318553,-0.02328034,-0.02141902
GSM1424276,1,-0.0867181,-0.145998086,-0.06073003,0.09823786,0.06597127,0.018753905,0.1810664,0.008276968,-0.1133666,-0.01176292
GSM1424277,1,-0.1433857,-0.08873496,-0.1962313,0.1051356,-0.008330868,-0.022441904999999998,0.2172813,-0.1404197,-0.04122879,-0.04784173
GSM1424278,1,-0.1728513,-0.140474335,-0.1430954,-0.02556996,0.5256782,-0.007822904999999998,0.1439746,0.2743534,-0.1607573,0.05845648
GSM1424279,1,-0.09876648,-0.39496055,-0.2783704,-0.04602853,0.5558468,-0.16466788,0.1805307,0.313517,-0.2630617,0.08738689
GSM1424280,1,-0.08854356,-0.028627399999999997,-0.06916093,0.08644387,0.3780285,0.12410665,0.01888017,0.3806799,-0.1331978,0.09634453
GSM1424281,1,-0.07304123,-0.2145045,-0.06649491,0.06820428,0.3626529,0.035999094999999995,0.1039925,0.228629,-0.1163264,0.01682579
GSM1424282,1,-0.1815029,-0.34169720000000003,-0.1448931,0.01645128,0.3672845,-0.059566773499999996,0.1061081,0.3216303,-0.2516127,-0.01919759
GSM1424283,1,-0.1041697,-0.2490630345,-0.01097725,0.0466592,0.5690767,-0.036489850000000004,0.07286152,0.312782,-0.2420995,0.003903439
GSM1424284,1,-0.06449595,-0.172826305,-0.06962513,0.08429538,0.2636806,0.012320270000000001,0.06066825,0.2296709,-0.1383319,0.04480061
GSM1424285,1,-0.1015681,-0.2183174845,-0.09492651,0.1008826,0.07728175,0.0185596215,0.1950308,0.1385725,-0.1498887,0.05550383
GSM1424286,1,-0.1498697,-0.12132153999999999,-0.09980263,0.01142583,0.5834672,0.056107901,0.0580391,0.3001797,-0.1283524,-0.02648962
GSM1424287,1,-0.1122809,-0.17162037,-0.05706384,0.16153,-0.1593236,0.029861975,0.1632718,-0.05606103,-0.08632009,-0.06787521
GSM1424288,1,-0.07420379,-0.12905174800000002,-0.1683597,0.06233685,-0.05827068,0.01889649,0.1412807,-0.05284664,-0.1223382,-0.07549334
GSM1424289,1,-0.1229376,-0.1190144,-0.157798,0.06744117,0.4712255,0.06612801,0.08535749,0.2748641,-0.206576,0.01415645
GSM1424290,1,-0.05739354,-0.018766675,0.08280525,-0.005781909,0.2833308,0.058571530000000004,0.01432236,0.2129937,-0.06593292,0.01960666
GSM1424291,1,-0.09632783,-0.147243495,-0.03643414,0.1184788,0.1071555,-0.034618575,0.1476953,0.01692571,-0.05496139,-0.08897941
GSM1424292,1,-0.07931457,-0.09454080000000001,-0.1331762,0.06622496,0.3423176,-0.009114349999999998,0.125747,-0.01966626,-0.06932658,-0.04952536
GSM1424293,1,-0.03754468,-0.27122577000000003,-0.06624761,0.1525231,0.6515818,0.054137504999999995,0.07819183,0.7821255,-0.2410476,0.1022222
GSM1424294,1,-0.127,-0.1234,-0.0169,0.15,0.27,0.007049999999999999,0.156,0.23,-0.133,0.114
GSM1424295,1,0.0253,-0.027950000000000003,-0.11,-0.196,0.5,-0.016850000000000004,0.0727,0.0791,-0.18,0.0429
GSM1424296,1,-0.16,-0.20904999999999999,0.0173,-0.108,0.559,0.10385,-0.0818,0.411,-0.149,0.0274
GSM1424297,1,-0.0514,-0.122,-0.0971,0.133,0.0862,0.06222,0.164,0.00019,-0.103,-0.0499
GSM1424298,1,-0.0444,-0.010699999999999998,-0.0615,0.119,0.314,-0.0172,0.169,0.111,0.0796,-0.0678
GSM1424299,1,-0.144,-0.231055,-0.0679,0.0675,0.202,0.00952,0.051,0.362,-0.193,0.0556
GSM1424300,1,-0.0423,-0.3219,-0.232,-0.0843,0.477,-0.10825,0.15,0.274,-0.207,-0.0227
GSM1424301,1,-0.15,-0.3009,-0.199,0.121,0.31,-0.133,0.155,0.385,-0.294,0.0689
GSM1424302,1,-0.0414,-0.2305,-0.0393,0.128,0.223,-0.12355,0.215,0.0853,-0.136,-0.0497
GSM1424303,1,-0.144,-0.24675,-0.218,0.103,0.125,-0.0612,0.17,0.0656,-0.229,-0.00938
GSM1424304,1,-0.0987,-0.1278,-0.022,-0.00618,0.45,0.06655,0.103,0.231,-0.151,0.00468
GSM1424305,1,-0.139,-0.08195,-0.0393,-0.019,0.446,0.044725,0.143,0.281,-0.182,0.127
GSM1424306,1,-0.00535,-0.366,-0.216,0.197,0.361,-0.134,0.151,0.0408,-0.114,0.272
GSM1424307,1,-0.181,-0.10425000000000001,-0.0625,-0.0343,0.381,-0.007800000000000001,0.101,0.151,-0.143,0.0396
GSM1424308,1,-0.132,-0.2956,-0.014,0.115,0.663,0.05897,0.0677,0.641,-0.204,0.0463
GSM1424309,1,-0.0771,-0.1751,-0.32,0.0104,0.356,0.0034500000000000017,0.054,0.129,-0.199,-0.0396
GSM1424310,1,-0.0789,-0.1417,-0.0392,0.123,0.218,0.01715,0.0722,0.179,-0.0752,-0.0143
GSM1424311,1,-0.207,-0.28295000000000003,-0.118,-0.102,0.628,-0.03799999999999999,0.0371,0.328,-0.226,-0.0217
GSM1424312,1,-0.106,-0.21145,0.0586,0.215,0.352,0.01875,0.118,0.262,-0.171,-0.00109
GSM1424313,1,-0.0523,-0.34149999999999997,-0.191,0.0324,0.501,-0.08295,0.184,0.267,-0.259,-0.0114
GSM1424314,1,-0.00151,-0.19799999999999998,-0.229,0.0798,0.398,-0.049499999999999995,0.127,0.148,-0.178,0.00352
GSM1424315,1,-0.0237,-0.344,-0.222,0.129,0.53,-0.104835,0.149,0.328,-0.198,0.168
GSM1424316,1,-0.0719,-0.1116,-0.076,0.0244,0.235,0.01615,0.194,0.16,-0.0993,0.0315
GSM1424317,1,-0.0411,-0.1411,-0.18,0.0173,0.0714,0.0666,0.18,-0.0199,-0.0805,-0.0586
GSM1424318,1,-0.104,-0.18889999999999998,-0.115,0.0841,0.186,-0.004,0.17,0.0546,-0.101,-0.0292
GSM1424319,1,0.00827,-0.2038,-0.231,0.0913,-0.298,0.008849999999999998,0.194,-0.165,-0.0702,-0.0673
GSM1424320,1,-0.069,-0.19934999999999997,-0.0848,0.111,0.138,0.0007500000000000007,0.0793,0.0942,-0.181,-0.0443
GSM1424321,1,-0.0418,-0.055850000000000004,-0.176,0.0837,0.534,0.028999999999999998,0.12,0.255,-0.127,0.274
GSM1424322,1,-0.064,-0.03525,-0.0582,0.0209,0.424,0.0605,0.0493,0.192,-0.124,0.0387
GSM1424323,1,-0.0894,-0.1091,-0.117,0.0759,0.299,-0.021685,0.148,0.0825,-0.104,-0.0297
GSM1424324,1,-0.0974,-0.04545,-0.0137,-0.0142,0.175,0.03279,0.0211,0.182,-0.179,0.0417
GSM1424325,1,-0.0684,-0.319,-0.291,-0.021,0.758,-0.14245,0.155,0.383,-0.21,0.149
GSM1424326,1,-0.0874,-0.11234999999999999,-0.145,-0.0654,0.431,0.0485,0.0515,0.161,-0.229,0.00489
GSM1424327,1,-0.045,-0.063955,-0.0143,0.0462,0.182,-0.0005399999999999997,0.121,0.022,-0.116,-0.0111
GSM1424328,1,-0.0288,-0.0824,0.00293,0.125,0.0293,0.0293,0.0621,0.101,-0.123,0.00113
GSM1424329,1,-0.0402,-0.22245,-0.0122,0.00163,0.274,0.0917,0.0532,0.223,-0.227,0.0128
GSM1424330,1,0.00165,-0.2027,-0.16,0.134,-0.315,-0.0337,0.134,-0.127,-0.115,-0.0574
GSM1424331,1,-0.117,-0.13475,-0.0536,0.0155,0.358,0.01455,0.106,0.23,-0.166,0.18
GSM1424332,1,-0.151,-0.11645,-0.215,-0.0761,0.465,-0.005949999999999999,0.144,0.18,-0.137,0.19
GSM1424333,1,-0.0226,-0.1459,-0.231,0.108,-0.372,0.025650000000000003,0.219,-0.227,-0.053,-0.0273
GSM1424334,1,-0.157,-0.2117,0.0443,0.0265,0.343,0.09409999999999999,0.0703,0.643,-0.201,0.104
GSM1424335,1,-0.0731,-0.1642,0.0754,-0.0311,0.241,0.031705000000000004,0.0399,0.302,-0.139,0.0354
GSM1424336,1,-0.0158,-0.16485,-0.233,-0.0176,0.151,-0.0023999999999999994,0.202,-0.0186,-0.156,-0.0194
GSM1424337,1,-0.0469,-0.1555,-0.221,0.0353,0.213,-0.015706499999999998,0.11,0.0825,-0.105,-0.0388
GSM1424338,1,-0.16,-0.16985,-0.162,-0.106,0.281,0.0622,0.0972,0.186,-0.162,0.00264
GSM1424339,1,-0.16,-0.1026,-0.172,-0.0713,0.496,0.03922,0.0537,0.214,-0.278,0.000473
GSM1424340,1,-0.0705,-0.1354,-0.00757,0.14,0.598,0.03533,0.072,0.322,-0.232,0.0371
GSM1424341,1,0.00221,-0.11149999999999999,-0.235,0.014,0.322,-0.008249999999999999,0.148,0.054,-0.104,0.00187
GSM1424342,1,-0.109,-0.17475,-0.202,0.00803,0.599,0.008315000000000001,0.126,0.279,-0.16,0.405
GSM1424343,1,0.0161,-0.065655,-0.0291,0.221,0.119,0.047850000000000004,0.218,0.0619,-0.0524,-0.0379
GSM1424344,1,-0.0866,-0.1287,-0.0467,0.0332,0.353,0.041999999999999996,0.0144,0.2,-0.115,0.0158
GSM1424345,1,-0.0358,-0.1198,-0.105,0.0903,0.205,0.0030999999999999986,0.152,-0.00969,-0.0748,-0.073
GSM1424346,1,-0.0177,-0.0915,-0.0516,0.176,0.0314,-0.002349999999999998,0.0795,0.0449,-0.0796,-0.0417
GSM1424347,1,-0.0622,0.029464999999999998,0.0281,-0.00119,-0.0625,0.08410000000000001,0.0814,-0.0353,-0.093,0.0539
GSM1424348,1,-0.0399,-0.01696,-0.0196,0.0391,0.149,0.0683,0.0767,0.000356,-0.0836,-0.0261
GSM1424349,1,-0.0509,-0.10160000000000001,-0.0686,-0.09,0.736,0.07586999999999999,-0.0583,0.46,-0.205,0.0957
GSM1424350,1,-0.264,-0.12664999999999998,-0.0599,-0.142,0.519,0.02525000000000001,0.0992,0.314,-0.131,-0.058
GSM1424351,1,-0.0407,0.013049999999999999,0.0119,0.0437,0.389,0.048,0.0529,0.1,-0.097,-0.0118
GSM1424352,1,-0.126,-0.2478,-0.127,0.104,0.185,0.0205,0.118,0.115,-0.209,0.0989
GSM1424353,1,-0.124,-0.02185,0.048,0.116,0.219,0.0695,-0.00259,0.302,-0.0667,0.036
GSM1424354,1,-0.0909,-0.08175,0.0522,0.0731,-0.072,0.0805,0.0859,0.0519,-0.135,-0.0212
GSM1424355,1,-0.119,-0.12475,-0.0762,0.00919,0.197,0.04735,0.101,0.194,-0.0798,0.000487
GSM1424356,1,-0.0723,-0.06785000000000001,-0.012,-0.0202,0.2,0.060885,0.128,0.0217,-0.111,-0.0121
GSM1424357,1,-0.0503,-0.1453,-0.168,0.0575,-0.0814,0.02805,0.19,-0.101,-0.131,-0.0722
GSM1424358,1,-0.076,-0.0881,-0.0848,-0.0813,0.758,0.031049999999999994,-0.0103,0.461,-0.177,0.154
GSM1424359,1,-0.0924,-0.0022000000000000006,-0.143,0.0916,0.666,0.04025,0.0687,0.147,-0.217,0.218
GSM1424360,1,-0.0628,-0.009699999999999999,0.00241,0.17,0.0694,0.055685,0.107,-0.00263,-0.118,-0.0466
GSM1424361,1,-0.133,-0.11925000000000001,-0.113,-0.0859,0.579,0.04645,-0.00858,0.384,-0.0758,0.0857
GSM1424362,1,-0.0869,-0.21875,-0.117,-0.0183,0.479,0.06129999999999999,0.172,0.273,-0.143,-0.024
GSM1424363,1,-0.0763,-0.10115,-0.105,0.0723,0.124,0.002999999999999999,0.116,0.108,-0.0957,-0.0413
GSM1424364,1,-0.0605,-0.005299999999999999,-0.00903,0.199,0.285,0.0764,0.0431,0.344,-0.0824,0.0407
GSM1424365,1,-0.0617,-0.0355,-0.0106,0.181,-0.343,0.039,0.126,-0.201,-0.0467,-0.0457
GSM1424366,1,-0.103,-0.0869,-0.0252,-0.0467,0.494,0.14145,0.00237,0.446,-0.0842,0.0136
GSM1424367,1,-0.0797,-0.15639999999999998,-0.00682,-0.0133,0.369,0.062150000000000004,0.0506,0.273,-0.0904,0.0316
GSM1424368,1,-0.043,0.006249999999999999,-0.133,0.0408,0.0253,0.0855,0.118,-0.133,-0.0895,-0.0333
GSM1424369,1,-0.0748,-0.04041,-0.0624,0.0558,0.354,0.0291,0.0199,0.186,-0.0459,0.262
GSM1424370,1,-0.0957,-0.08305,-0.00577,0.157,0.102,0.04195,0.0603,0.155,-0.148,0.015
GSM1424371,1,-0.0173,0.006700000000000001,0.0269,0.165,0.189,0.0291,0.0804,0.0689,-0.0532,0.0599
GSM1424372,1,0.00798,-0.0829,-0.0316,0.193,0.194,0.040850000000000004,0.0246,0.194,-0.0933,0.0576
GSM1424373,1,-0.0283,0.012550000000000002,-0.00509,0.0541,0.277,0.08825,0.00831,0.0788,-0.0593,0.00319
GSM1424374,1,-0.0543,-0.0933,-0.126,0.0519,0.17,0.00724,0.0328,0.053,-0.0206,-0.0541
GSM1424375,1,-0.0484,-0.08124999999999999,-0.179,-0.0233,-0.582,-0.0028000000000000004,0.101,-0.151,-0.0667,-0.123
GSM1424376,1,-0.0373,-0.023299999999999994,-0.116,0.0532,-0.421,0.026000000000000002,0.0811,-0.193,0.0794,-0.111
GSM1424377,1,-0.0218,-0.03095,-0.142,0.0482,-0.222,-0.024800000000000003,0.172,-0.176,0.0319,-0.0846
GSM1424378,1,-0.0639,0.026885,-0.0673,-0.0115,-0.16,0.031150000000000004,0.104,-0.0453,-0.0329,-0.0453
GSM1424379,1,-0.0933,-0.0009499999999999995,-0.127,-0.0383,-0.0158,0.0474,0.0953,-0.0193,-0.0373,-0.0134
GSM1424380,1,-0.0296,-0.03155,-0.174,0.0101,0.179,0.0119,0.14,0.0784,-0.0255,0.0083
GSM1424381,1,-0.0534,-0.09635,-0.075,0.0354,0.192,0.00995,0.0866,0.178,-0.0118,0.0224
GSM1424382,1,0.0159,-0.056850000000000005,-0.164,-0.0054,0.275,-0.026350000000000002,0.148,0.0461,0.0481,-0.0208
GSM1424383,1,-0.0288,0.041563499999999996,-0.0646,0.0494,-0.0772,0.00145,0.135,-0.0175,0.0235,-0.0481
GSM1424384,1,-0.02,0.015950000000000002,0.0374,0.0746,-0.0882,0.0006499999999999978,0.1,-0.113,0.0975,-0.0731
GSM1424385,1,0.035,-0.0923,0.00817,0.137,0.0275,0.0018499999999999975,0.0969,0.202,-0.0307,0.0102
GSM1424386,1,-0.108,-0.1227,0.0747,0.0612,0.216,0.07155,0.0404,0.351,-0.128,0.0642
GSM1424387,1,-0.0595,-0.09185,-0.0347,-0.0155,0.272,0.0007500000000000007,0.0468,0.19,-0.111,-0.0279
GSM1424388,1,-0.0421,-0.0186,-0.0903,0.012,0.278,-0.0063,0.0598,0.207,-0.0293,0.163
GSM1424389,1,-0.0289,-0.0539,0.0506,0.146,-0.0738,0.0881,-0.0288,0.399,-0.0366,0.0199
GSM1424390,1,-0.0126,0.016800000000000002,0.0155,0.0604,-0.0483,0.007599999999999999,0.0965,-0.119,0.149,-0.0179
GSM1424391,1,-0.095,-0.09375,-0.0275,-0.0274,0.237,-0.00775,0.0366,0.286,-0.0853,-0.00334
GSM1424392,1,-0.0672,0.0936,-0.207,-0.159,0.471,-0.0222,0.061,0.216,-0.0517,0.122
GSM1424393,1,-0.00539,-0.0696,-0.147,-0.00769,-0.489,-0.0403,0.0773,-0.143,-0.0434,-0.0324
GSM1424394,1,-0.0407,0.060595,0.0186,-0.166,0.326,0.039099999999999996,-0.0014,0.0631,-0.16,0.127
GSM1424395,1,-0.0403,-0.013450000000000002,0.00965,-0.0493,0.0543,0.0221,0.0898,-0.0156,-0.0566,-0.0231
GSM1424396,1,-0.148,-0.127,-0.0852,-0.0698,0.267,0.006399999999999996,0.0687,0.15,-0.0284,-0.0384
GSM1424397,1,0.00939,0.08845,0.0378,0.217,0.237,0.136,0.00136,0.464,-0.0141,0.0804
GSM1424398,1,-0.08,-0.004749999999999999,-0.0272,-0.0237,0.256,0.0519,0.00787,0.215,-0.0322,0.0695
GSM1424399,1,-0.0341,-0.024399999999999998,-0.0749,-0.0584,0.487,0.015600000000000001,-0.012,0.187,-0.0285,-0.0631
GSM1424400,1,0.235,0.051699999999999996,0.0045,0.124,0.511,0.09775,0.00572,0.335,-0.0597,0.0444
GSM1424401,1,-0.0583,0.013250000000000001,-0.0715,-0.0468,0.718,0.0017999999999999995,0.0188,0.498,-0.106,0.176
GSM1424402,1,-0.0714,0.023600000000000003,0.0284,-0.0644,0.427,0.06285,0.00386,0.301,-0.0623,-0.00926
GSM1424403,1,-0.0298,0.038805,-0.157,-0.089,0.0803,0.012,0.109,-0.00948,-0.0908,-0.088
